Column1,Column2
Question,Answer
‘QPay үйлчилгээ’ гэж юу вэ ,"ХасБанкны интернэт банкны харилцагч ухаалаг утсанд зориулсан “XacBank” аппликейшныг ашиглан QR /КЮ-АР/ кодыг уншуулан төлбөр төлөх, өөрийн дансандаа QR код үүсгэх буюу нэхэмжлэх үүсгэж дансандаа орлого хүлээн авах боломжтой үйлчилгээ юм."
Хэрхэн QPay үйлчилгээний хэрэглэгч болох вэ ,Та зөвхөн ХасБанкны интернэт банкны хэрэглэгч байхад л хангалттай бөгөөд мөн ухаалаг утсандаа XacBank аппликейшныг суулгасан байх шаардлагатай.
Хэн ашиглах боломжтой байх вэ ,QR унших боломж нь ХасБанк АПП дээр шинэ нэмэлт функц болж нэмэгдэнэ. Интернэт банкны үйлчилгээнд бүртгэлтэй бөгөөд гар утсандаа (ухаалаг) ХасБанк суулгасан харилцагч бүр нь энэхүү боломжийг ашиглах боломжтой байна.
"Хэрхэн яаж ашиглах вэ, өөрөөр хэлбэл төлбөр төлөлт яаж хийх вэ ",QR уншиж төлбөр төлөх боломжтой харилцагч бүр нь QR код агуулсан төлбөрийн нэхэмжлэх эсхүл SIGN-ыг уншуулж гарч ирэх дэлгэрэнгүй задаргааг нягталсны дараа цааш нь гүйлгээ хийнэ.
Хамтран зээлдэгч гэж хэн бэ ,"Зээлийн гэрээнд зээлдэгчийн нэгэн адил эрх эдэлж, үүрэг хүлээж байгаа этгээдийг хамтран зээлдэгч гэнэ."
Батлан даагч гэж хэн бэ ,"Зээлдэгч нь авсан зээл, хүүг гэрээнд заасан хугацаанд гүйцэтгэж чадахыг Банкны өмнө баталж, хэрэв гүйцэтгэхгүй бол зээлдэгчийн өмнөөс зээлийн төлбөрийг төлөх үүрэг хүлээж Банктай гэрээ байгуулсан иргэн, хуулийн этгээдийг хэлнэ."
"Хуулийн этгээдийн нэр дээр зээлтэй бол хувь эзэмшигч, захирал нь зээл авч болох уу ",Банкны шаардлагыг хангаж байгаа бол болно.
Бизнесийн зээлтэй бол төслийн зээл авч болох уу ,Төслийн зээлийн нэмэлт шалгуурыг хангаж байгаа тохиолдолд болно. Банканд урьдчилан мэдэгдэх шаардалагатай.
Төслийн зээлтэй бол бизнесийн зээл авч болох уу ,Банкны шалгуур үзүүлэлтүүдийг хангаж байгаа бол болно.
"Өмнө нь огт зээл авч байгаагүй иргэн, хуулийн этгээд зээл авч бололх уу ",Болно. Зээлийн шалгуур үзүүлэлтүүд хангасан тохиолдолд судалж үзсэний үндсэн дээр зээл олгох эсэх шийдвэр гаргана.
Өөр бусад банканд зээлтэй бол бизнесийн зээл авах боломжтой юу ,"Боломжтой. Бусад банкны зээлийн мэдээлэл, таны бизнесийн зээлийн судалгааг хийж үзсэний үндсэн дээр зээл олгох эсэх шийдвэр гаргана."
Бизнесийн зээлд хамтран үүрэг гүйцэтгэгч заавал шаардах уу ,Зээлийн эрсдэлийн үнэлгээнээс хамааран шаардана.
"Орон сууцны зээл, өрхийн хэрэглээний бусад зээлтэй бол бизнесийн зээл авч болох уу ",Болно. Зээлийн судалгаагаар бизнесийн орлогоороо зээл төлөх боломжтой байвал бизнесийн зээл авч болно.
Бизнесийн зээлд орлого нотлох баримт гэж ямар баримт шаардах вэ ,Иргэн бол сүүлийн 6 сарын бизнесийн орлого дамжсан дансны хуулга. Хуулийн этгээд бол татварын албанаас баталгаажсан тайлан.
Бизнесийн зээлд ямар барьцаа хөрөнгө шаардах вэ ,"Үл хөдлөх эд хөрөнгө, хөдлөх эд хөрөнгө, эргэлтийн хөрөнгө барьцаална."
Хөдлөх хөрөнгөд юу юу ордог вэ ,"Хэвийн үйл ажиллагаатай машин, техник хэрэгсэл, тоног төхөөрөмж."
Барьцаа хөрөнгийг заавал даатгалд хамруулах уу ,Зээлээр санхүүжүүлж буй хөрөнгө бол заавал даатгуулна.
Зээлийн эргэн төлөлтөөс тодорхой хугацаагаар чөлөөлүүлж болох уу ,"Бизнесийн улирлын онцлог, орлогын давтамжаас хамааруулан үндсэн төлбөрөөс чөлөөлүүлж болно. Үндсэн төлбөрөөс чөлөөлүүлсэн саруудад зөвхөн хүүний төлбөр төлнө."
Бизнесийн зээлд өөрийн бус хөрөнгийг барьцаалж болох уу ,Болно. Зээлийн хэмжээнээс хамааран тодорхой хэмжээнд барьцаалах боломжтой.
"Эргэлтийн хөрөнгийн зээл, үндсэн хөрөнгийн зээл давхар авч болох уу ",Болно. Бизнесийн орлого барьцаа хөрөнгийн хэмжээнээс хамааран давхар зээл авч болно.
Барьцаа хөрөнгийг 2-оос дээш зээл дээр давхар барьцаалж болох уу ,Зөвхөн ХасБанкны 2-оос дээш зээлд давхар барьцаалж болно. Банк нь барьцаа хөрөнгийг тэргүүн ээлжинд шаардах эрхтэйгээр барьцаалдаг.
Барьцааны гэрээнд барьцаалуулагч заавал өөрийн биеэр ирж гарын үсэг зурах уу ,Тийм. Барьцааны гэрээнд насанд хүрээгүй хүүхдийг эцэг эх төлөөлөн барьцаа хөрөнгө хамтран өмчлөгчийн зөвшөөрөлд гарын үсэг зурна.
Зээл хугацаа хэтэрвэл барьцаа хөрөнгийг хурааж авах уу ,Зээл төлүүлэхтэй холбоотой арга хэмжээг авсны үр дүнд зээлийг барьцаа хөрөнгөөр үүргийн гүйцэтгэл хангуулах шаардлагатай гэж үзвэл ШШГГ-н шийдвэрийн дагуу шийдвэрлэнэ.
Зээлийн судалгааг заавал газар дээр очиж үзэх үү ,Тийм. Газар дээр буюу таны бизнесийн үйл ажиллагааг зээлийн ажилтан очиж танилцан судалгааг хийнэ.
Зээлийн хугацаанд банканд санхүүгийн мэдээллүүдээ заавал шинэчлэн өгөх шаардалагтай юу ,Банкны зүгээс шаардсан бүх мэдээллийг гаргаж өгөх тухай зээлийн гэрээнд тусгасан байдаг.
“Бэлтгэн нийлүүлэгчийн зээл”-ийн үйлчилгээг авахын тулд ямар шалгуур хангах шаардлагатай вэ ,"Оюу Толгой ХХК-ийн ханган нийлүүлэгч байх; Хүчин төгөлдөр гэрээтэй байх; Нийлүүлсэн бараа, ажил үйлчилгээний төлбөрийг ХасБанкин дахь дансаар хүлээн авах; Тухайн бизнесийн үйл ажиллагааг эрхлэхэд тусгай зөвшөөрөл шаардагддаг бол уг тусгай зөвшөөрлийг эрх бүхий байгууллагаас авсан байх;"
Ямар бичиг баримт бүрдүүлэх вэ ,"Аж ахуй нэгжийн анкет, өргөдөл; Удирдлага хувь нийлүүлэгчдийн анкет, иргэний үнэмлэхний хуулбар; Oюу Толгой ХХК-иар баталгаажуулсан нэхэмжлэх; Oюу Толгой ХХК-тай байгуулсан ханган нийлүүлэлтийн гэрээ ; Тухайн бизнесийн үйл ажиллагааг эрхлэхэд шаардлагатай тусгай зөвшөөрөл / тусгай зөвшөөрөл шаардлагатай бол/; Бусад."
“Бэлтгэн нийлүүлэгчийн зээл”-ийн үйлчилгээг авах процессыг тайлбарлана уу ,"Та захиалгын дагуу бараа нийлүүлэн эсхүл үйлчилгээг Оюу Толгой ХХК – дүзүүлнэ; Та нэхэмжлэхээ Оюу Толгой ХХК – аар баталгаажуулан авна: Та бэлтгэн нийлүүлэгчийн зээлийн хүсэлтээ ХасБанкинд гаргаж холбогдох бичиг баримтыг бүрдүүлж өгнө; ХасБанк ханган нийлүүлэгчтэй холбогдох гэрээг байгуулж, гэрээний дагуу санхүүжилтийг олгоно."
Гадаад баталгаа нээлгэхэд ямар бичиг баримтууд бүрдүүлэх вэ ,Эх үүсвэртэй Баталгаа:
ХасБанк дэлхийн ямар улсууд руу баталгаа гаргаж чадах вэ ,Таны харилцагч дэлхийн аль ч оронд байсан ХасБанк баталгааг гаргах болно.
Гадаад баталгааны талаархи илүү дэлгэрэнгүй мэдээллийг хэнээс авч болох вэ ,Та өөрт ойрхон ХасБанкны салбар дээрочиж илүү дэлгэрэнгүй мэдээллийг түргэн шуурхай аваарай.
1. Дижитал банкны үйлчилгээнд хэрхэн бүртгүүлэх вэ ,"XacBank Digital апп татаж авах эсхүл вэбээр нэвтрэх бол https://digital.xacbank.mn/XACBaseApp/ дарна уу; Өөрт ойр байрлах ХасБанкны дурын салбар, нэгжид иргэний цахим үнэмлэхээ авч очно уу. Харилцагч хуулийн этгээд нь:"
2. Дижитал банкаар ямар төрлийн үйлчилгээг авах вэ ,"Банкинд бэлэн мөнгө тушаах, данснаас бэлэн зарлага гаргахаас бусад бүх үйлчилгээг авч болно. Үүнд:"
3. Дижитал банкны үйлчилгээг гар утаснаасаа ашиглах боломжтой юу ,"Тийм, та манай интернэт банкны аппликэшнийг өөрийн Android, iOS үйлдлийн системийн гар утсандаа суулгаж, ашиглах боломжтой."
4. Нэвтрэх нууц үгээ мартсан бол яах вэ ,"“Нэвтрэх цонх”-ны доор байрлах “Нууц үг мартсан” холбоос дээр дарна. Бүртгэлтэй утасны дугаарт ирсэн нэг удаагийн нууц үгийг оруулж, шинэ нууц үгээ үүсгэнэ."
5. Гүйлгээний нууц үгээ мартсан бол яах вэ ,"Гүйлгээ (банк хоорондын гүйлгээ эсхүл банк дотроо) хийх гэж буй мэт ороод гүйлгээний нууц хийх цонхны доор ""гүйлгээний нууц үг мартсан"" холбоос дээр дарж шинээр гүйлгээний нууц үгээ оруулна."
6. Дижитал банкинд нэвтрэх нэрээ мартсан бол яах вэ ,"“Нэвтрэх цонх”-ны доор байрлах “Нэр мартсан” холбоос дээр дарна. Бүртгэлтэй утасны дугаарт ирсэн нэг удаагийн нууц үгийг оруулж, нэвтрэх нэрээ авна. Харилцагчийн Үйлчилгээний Төвийн 1800-1888 дугаарт залгаж, эсвэл дурын салбарт өөрийн биеэр очиж лавлах боломжтой."
7. Нууц үгээ хэрхэн солих вэ ,Хэрэв та нэвтрэх эсвэл гүйлгээний нууц үгээ солих бол дижита банкны ТОХИРГОО цэснээс НУУЦ ҮГ СОЛИХ дэд цэсийг сонгон нууц үгээ шинэчлэх боломжтой.
9. Дижитал банкаар хийх гүйлгээний лимитээ хэрхэн нэмэгдүүлэх вэ ,Харилцагч иргэний хувьд: Дижитал банкны ТОХИРГОО цэснээс ЛИМИТ ТОХИРГОО-р өөрчилнө.
10. Дижитал банкаар банк хооронд гүйлгээ хийвэл хүлээн авагчийн дансанд ямар хугацааны дараа орох вэ ,Дижитал банкаар хийж буй банк хоорондын 5 сая төгрөгөөс доош дүнтэй гүйлгээ нь гүйлгээ хийсэн даруйд шилжих бөгөөд 5 сая төгрөгөөс дээших дүнтэй гүйлгээний хувьд ажлын өдрүүдэд 2 цагийн дотор шилжих болно.
11. Гүйлгээний нууц үг ашиглахгүйгээр гүйлгээ хийх боломжтой юу ,Зөвхөн өөрийн данс хооронд гүйлгээ хийхэд харилцагчаас гүйлгээний нууц үг шаарддаггүй.
Импортын аккредитив нээлгэхэд ямар бичиг баримтууд бүрдүүлэх вэ ,Хэрэв дансандаа мөнгөө байршуулах буюу эх үүсвэртэй нээлгэх бол:
Аккредитив нээлгэх хүсэлтийн маягтыг хэрхэн бөглөх вэ ,Аккредитив нээлгэх хүсэлтийн маягтыг хэрхэн бөглөх зааврыг Энд даржүзнэ үү.
ХасБанк дэлхийн ямар улсууд руу импортын аккредитив гаргаж чадах вэ ,Таны харилцагч дэлхийн аль ч оронд байсан ХасБанк импортын аккредитивыг гаргах болно.
Импортын аккредитивын талаархи илүү дэлгэрэнгүй мэдээллийг хэнээс авч болох вэ ,Та өөрт ойрхон ХасБанкны салбар дээр очиж илүү дэлгэрэнгүй мэдээллийг түргэн шуурхай аваарай.
"Картаа гээж, үрэгдүүлсэн тохиолдолд хэнд хандах вэ ","ХасБанкны Харилцагчийн Үйлчилгээний Төвийн 1800-1888 дугаарын утсанд хандаж картаа хаалгаарай. Таны картыг түр хаах бөгөөд картаа олсон бол карт, бичиг баримтын хамт ХасБанкны өөрт аль ойр байрлах салбар, тооцооны төвд биечлэн хүсэлт гаргаж картаа нээлгэнэ."
Картын пин кодоо мартсан тохиолдолд яах вэ ,"Та төлбөрийн картынхаа пин кодыг мартсан эсхүл блоклосон бол дижитал банкны карт цэсээр орж, картаа сонгоод “пин солих” гэсэн үйлдлийг ашиглаж пин кодоо шинээр үүсгээрэй. Хэрэв та дижитал банканд бүртгэлгүй бол ЭНД дарж бүртгүүлнэ үү."
Интернэт худалдан авалт яаж хийх вэ ,"ХасБанкны АТМ төхөөрөмжөөс интернэт код авна (шимтгэлгүй). Интернэт худалдаа, үйлчилгээний цахим хуудас руу хандаж картын нууцлалын тэмдэгтүүд болох дараах мэдээллүүдийг оруулна. Эдгээр мэдээллүүд нь картын нууцлалын тэмдэгтүүд тул та бусдад мэдэгдэхгүйн тулд нууцлана уу."
АТМ-с нэг удаадаа хэдэн төгрөг гардаг вэ ,Монгол улсад АТМ-р хийх нэг удаагийн гарах гүйлгээ 40 дэвсгэртээр хязгаарлагддаг. Харин гадаадад банкнаасаа шалтгаалаад нэг удаагийн гүйлгээний лимит ялгаатай болохыг анхаарна уу.
Картаар хийх өдрийн лимит хэд байдаг вэ ,Картаар хийх өдрийн лимит нь карт бүрээрээ өөр өөр байдаг.
Кредит карт гэж юу вэ ,Банкнаас таны хувийн хэрэглээнд зориулан олгосон зээлийн эрх бүхий төлбөрийн карт юм.
Кредит картын нэхэмжлэхээ хэрхэн мэдэх вэ ,Сар бүрийн 2-ны өдөр банканд бүртгэлтэй утсанд нь өмнөх сарын нэхэмжлэхийн дүн болон хэдний дотор төлөх ёстой мэдэгдэх мессеж харилцагчид очно.
Кредит картын төлбөрөө хэрхэн төлөх вэ ,Та төлбөрийн нэхэмжлэхэд тусгасан сарын төлбөрийг тогтоосон хугацаанаас өмнө заавал төлөх үүрэгтэй. Сарын төлбөр гэдэг нь нийт төлбөрийн 10%-г хэлнэ.
Кредит карт гэж юу вэ ,Зээлийн эрх бүхий төлбөрийн карт юм. Кредит картаар бэлэн бус гүйлгээ хийх зориулалттай. Бэлэн мөнгөний эргэн төлөх хүү нь бэлэн бус гүйлгээнээс их байдаг.
Төлбөрийн нэхэмжлэх хэрхэн авах вэ ,"Банкнаас сар бүр (кредит картын нөхцөлийн дагуу) төлбөрийн нэхэмжлэх гарсан талаарх мэдээллийг таны банкинд бүртгүүлсэн цахим шуудан, гар утсанд мэдэгдэнэ. Мөн интернэт банкаараа нэвтрэн орж сүүлийн 12 сарын төлбөрийн нэхэмжлэхээ харах боломжтой."
МИАТ кредит карт-д хэрхэн миль цуглуулах вэ ,"МИАТ кредит картаараа ХасБанкны ПОС дээр хийх 10,000төг тутамд 1 миль цугларна. Олон улсад аль ч банкны ПОС дээр уншуулсан 10,000төг тэнцэхүйц гүйлгээ тутамд 1 миль цугларна. Цуглуулсан миль-ээ сар бүрийн нэхэмжлэхээсээ харах боломжтой."
Цуглуулсан миль-ээ хэрхэн ашиглах вэ ,Миль хэрхэн зарцуулах талаар ЭНД дарж харна уу.
Мобайл Банк 2.0 нь интернэт банкны үйлчилгээнээс юугаараа ялгаатай вэ ,Мобайл Банк 2.0 үйлчилгээний гол ялгаа нь интернэтгүй орчинд буюу утасны сүлжээ бүхий аль ч газраас банкны бүх төрлийн үйлчилгээг авах боломжтой. Өөрөө хэлбэл заавал ухалааг утастай байх албагүй бөгөөд 2G төрийн утас болох товчлууртай утас байсан ч ашиглах боломжтой.
Мобайл Банкны үйлчилгээгээр банк хоорондын гүйлгээ хийж болох уу ,
ПИН кодоо мартсан тохиолдолд яах вэ ,"Өөрт ойр салбар, ТТ-д цахим үнэмлэхээ авч ирж, ПИН кодоо сэргээлгэнэ. 1800-1888 лавлах утсанд Мобайл Банк үйлчилгээнд бүртгэлтэй утасны дугаараас залгаж, хүсэлт гаргана."
ПИН код буруу оруулан түгжигдсэн харилцагч яах вэ ,"ПИН кодоо 5 удаа буруу хийхэд хэрэглэгчийн эрх түгжигдэх бөгөөд салбар, ТТ -д хандах эсхүл 1800-1888 дугаарт залгаж шинэ ПИН код авна."
Гадаадад Мобайл Банк 2.0 үйлчилгээг ашиглах боломжтой юу ,"Боломжтой. Roaming үйлчилгээ идэвхжүүлэн *1888# дугаарт залгаж, Мобайл Банкны үйлчилгээ авах боломжтой."
Цуглуулсан оноогоо хэрхэн бүртгүүлэх вэ ,"Төлбөрийн картаар хийсэн бэлэн бус гүйлгээний оноо автоматаар орох бөгөөд энэ тохиолдолд хэрэглэгч тухайн гүйлгээг хийсэн төлбөрийн картын дугаараа бүртгүүлэх шаардлагатай юм. Жишээ нь RedPoint Mongolia апп-д ХасБанкны картын 16 оронтой дугаараа бүртгүүлээд (4 хүртэлх картыг нэг зэрэг бүртгүүлэх боломжтой) тус картаараа Петровисийн ШТС, Петромарт болон ХасБанкны тусгай тэмдэглэлтэй ПОС дээр худалдан авалт хийхэд РэдПойнт оноо нь шууд бүртгэгдэнэ."
RedPoint яаж худалдаж авах вэ ,RedPoint ашиглан худалдан авалт хийхэд цуглуулсан RedPoint дутах үед 1 RedPoint-ийг 2 төгрөгөөр үнэлэн дараах сувгуудын ашиглан нэмэлтээр RedPoint худалдаж авах боломжтой.
Хэрхэн бараа захиалах вэ ,"Вэб-р бараа захиалахдаа www.redpoint.mn-рүү нэвтэрч ороод RedPoint гэсэн цэсийг сонгоно. Каталог хэсгээс худалдан авах бүтээгдэхүүн, үйлчилгээгээ сонгоод худалдаж авах товчийг дарна. Өөрт хамгийн ойр байрлах ШТС-ыг сонгоно.Бараа хүлээн авахад ашиглах БАР КОД-ыг и-мэйлээр илгээнэ. RedPoint Mongolia апп-руу нэвтэрч ороод зүүн доод буланд байрлах цүнхний зурган дээр дараад Каталог хэсгээс худалдан авах бүтээгдэхүүн, үйлчилгээгээ сонгоод худалдаж авах товчийг дарна. Өөрт хамгийн ойр байрлах ШТС-ыг сонгоно. Бараа хүлээн авахад ашиглах БАР КОД-ыг и-мэйлээр илгээнэ. СМС-ээр бараа захиалахдаа хэрэглэгч өөрийн бүртгэлтэй дугаараас 130360 тусгай дугаарт бараа болон ШТС-ын кодыг илгээнэ. Илгээсний дараа 130360-с хэрэглэгчрүү баталгаажуулах смс явуулах бөгөөд хэрэглэгч захиалгаа баталгаажуулан Y (латин) үсэг илгээнэ. Илгээсний дараа 130360-с хэрэглэгчийн захиалгыг баталгаажуулан хүлээн авсан тухай хариу мэдэгдэл явуулах ба бараа тухайн ШТС дээр бэлэн болмогц 130360-с хэрэглэгчийн захиалсан бараа бэлэн болсон тухай мэдэгдэл бараагаа авахад шаардагдах БАР КОД-н хамт илгээнэ (Mессежээр бараа захиалахад 60 REDPOINT хасагдана). ЖИЧ: Захиалга баталгаажсаны дараа хүргэлтийн хугацаанаас хамаарч 7-21 хоногийн дараа таны бараа сонгосон ШТС-д бэлэн болно."
RedPoint-ийн харилцагчийн үйлчилгээний дугаар хэд вэ ,1131-8020 (Даваа-Баасан 09:00-18:00)
Урьдчилгаа төлбөр болох 20%-д дүйцүүлж нэмэлтээр үл хөдлөх хөрөнгө барьцаалах уу ,Монголд ашиглагдаж буй улсын дугаартай автомашин худалдан авахаас бусад тохиолдолд урьдчилгаа дүйцүүлж ҮХХ барьцаалах боломжтой.
Урьдчилгаа төлбөрийг өндөр дүнгээр төлвөл зээлийн хүү буурах боломжтой юу ,Монголд ашиглагдаж буй улсын дугаартай автомашин худалдан авахаас бусад тохиолдолд боломжтой.
Ямар валютаар хадгаламжийн данс нээлгэж болох вэ ,"Төг, Ам.Доллар, Юань, Евро"
"Хүүгээс хүү бодох арга, энгийн хүү бодох арга хоорондын ялгаа юу вэ ",Жишээ нь:
Хадгаламж эзэмшигч өөрийн биеэр ирж чадахгүй тохиолдолд хэрхэн хадгаламжаасаа зарлага гаргах вэ ,"Хадгаламж эзэмшигч нь хүндэтгэн үзэх шалтгааны улмаас өөрийн биеэр банкинд ирж чадахгүй тохиолдолд итгэмжлэгдсэн төлөөлөгчөөр дамжуулан гүйлгээ хийж болно. Энэ тохиолдолд банк нь Иргэний хуульд заасан шаардлага хангасан хүчин төгөлдөр итгэмжлэл, итгэмжлэгдсэн төлөөлөгчийн иргэний үнэмлэх /паспорт/ , түүнтэй адилтгах баримт бичгийг үндэслэл болгож, дансанд гүйлгээ хийнэ /зөвхөн нэг удаа, тодорхой заасан тоон дээр/"
Дансны үлдэгдэл болон орлого орсон эсэхийг яаж шалгах вэ ,Та ХасБанкны дараах үйлчилгээг ашиглан дансны үлдэгдэлээ мэдэх боломжтой.
Хадгаламж эзэмшигч хадгаламжаа бусадтай хамтран эзэмшиж болох уу  Хэдэн хамтран эзэмшигчтэй байж болох вэ ,"Болно. Хадгаламж эзэмшигч хадгаламжаа бусадтай хамтран эзэмших тохиолдолд, банкинд албан ёсны хүсэлт гаргасны үндсэн дээр хамтран эзэмшигчийн овог нэр, иргэний үнэмлэх, регистрийн дугаарыг бичүүлж, баталгаат гарын үсгийг нь зуруулж авна."
Банкинд ирэлгүйгээр хадгаламжиндаа орлого нэмж болох уу ,"Боломжтой, Та манай банкны Захиалгат гүйлгээ үйлчилгээг ашиглан урьдчилан гэрээ байгуулан өөрийн цалин эсвэл бусад данснаас автоматаар орлого хийх боломжтой. Мөн манай банкны интернет банк ашиглаж болно."
Хадгаламжийн хугацааг сунгах хүсэлтэй бол хэрхэн сунгуулах вэ ,Анх хадгаламжийн гэрээгээ байгуулахдаа сунгалт хийлгэх тохиргоо хийлгэж болно. Хэрэв тохиргоо хийгээгүй бол хадгаламжийн хугацаа дуусахад хадгаламж нээлгэсэн салбартаа очин хугацаагаа сунгуулна. Харин өөрөө очих боломжгүй бол өөрийн итгэмжлэгдсэн төлөөлөгчөөрөө дамжуулан салбарт хүсэлтээ гарган сунгуулж болно.
Хадгаламжаа барьцаалан зээл авч болох уу  ХасБанкны аль салбарт хандах вэ ,"Боломжтой. Хадгаламж барьцаалсан зээлийг Хасбанкны аль ч салбараас, Мөн интернэт банкаар дамжуулан 1 цагын дотор авах боломжтой."
Хугацаатай хадгаламжийг гэрээний хугацаанаас өмнө цуцлах тохиолдолд ,"12 сар хүртэлх хугацаат хадгаламж бол жилийн 2.4% хүүгээр, байршуулсан хугацаанд хүүг тооцон олгоно. Хэрэв урт хугацаат хадгаламж бол гэрээ цуцлах өдрөөс өмнөх 365 хоногийн хүүг 2.4%-р бодож олгоно."
Хадгаламжийн дэвтрээ хаясан эсхүл үрэгдүүлсэн тохиолдолд яах вэ ,"Банкинд яаралтай мэдэгдэх шаардлагатай. Шинэ хадгаламжийн дэвтэр авахын тулд хадгаламжийн данс анх нээлгэсэн салбар, тооцооны төвд иргэний үнэмлэхтэйгээ очин хүсэлтээ гаргана."
Хадгаламж эзэмшигч нас барсан тохиолдолд яах вэ ,"Хадгаламж эзэмшигч нас барсан тохиолдолд өв залгамжлах эрхийн гэрчилгээ, өв залгамжлагчийн иргэний үнэмлэх эсвэл гадаад паспортыг үндэслэн эрх бүхий этгээдэд мөнгөн хадгаламжийг олгох эсвэл уг гэрээг түүний нэр дээр шинэчлэн хийнэ."
Хадгаламж барьцаалсан зээлийн шимтгэл хэд байдаг вэ ,Хадгаламж барьцаалсан зээлийн тогтоосон хэмжээн дотор дахин авч байгаа дүнгээс шимтгэл авахгүй. Шимтгэлийг сунгалт хийлгэж буй дүн болон нэмэгдүүлж буй дүнгээс 0.5%-иар авдаг.
ХасИнфо үйлчилгээнд хэрхэн бүртгүүлэх вэ ,"Та өөрт ойр байрлах ХасБанкны салбар, тооцооны төвд иргэний үнэмлэхээ авч очин бүртгүүлэх боломжтой;
ХасБанкны лавлах утас 1800-1888 тусгай дугаарт холбогдсоноор мөн бүртгүүлэх боломжтой."
ХасИнфо үйлчилгээ хураамжтай юу ,Зөвхөн гар утсанд мессежээр мэдээлэл хүлээн авахад 50 төгрөг; Зөвхөн имэйл хаягаараа гүйлгээний мэдээлэл хүлээн авахад 0 төгрөг; Мессеж болон имэйлээр гүйлгээний мэдээллийг хүлээн авахад 50 төгрөгийн шимтгэлтэй.
Гадаад валютын дансыг ХасИнфо үйлчилгээнд холбох боломжтой юу ,"MNT, USD болон Юань-ы дансуудыг холбох боломжтой. USD болон Юань дансны хувьд мэдэгдэл хүргэх доод дүн нь 1 USD болон 1Юань байгаа болно."
Цалингийн зээл авахад ямар шалгуур тавих вэ ,"Цалингийн зээлийг сүүлийн 6 сар ажил эрхэлсэн, үндсэн ажилтнаар ажиллаж буй гэрээт байгууллагын ажилтанд олгоно. Одоо ажиллаж буй байгууллагадаа шилжин ажиллахдаа үндсэн ажилтнаар орсон бол цалингийн зээл авч болно."
Манай байгууллагын нэрэн дээр экспортын аккредитив нээгдэж ирсэн эсэхийг хэрхэн мэдэх вэ ,ХасБанкинд харилцагч таны экспортын аккредитив нээгдэж ирсэн даруйд бид утсаар болон захидлаар мэдэгдэнэ.
Нээгдэн ирсэн экспортын аккредитивт нэмэлт өөрчлөлт оруулж болох уу ,Экспортын аккредитивт нэмэлт өөрчлөлт оруулахын тулд та импортлогчтойгоо харилцан тохиролцсоны үндсэн дээр аккредитив гаргагч банкнаас нэмэлт өөрчлөлтийг оруулдаг. Хэрэв танд нэмэлт өөрчлөлт оруулахад тусламж хэрэгтэй бол ХасБанк аккредитив гаргагч банктай холбогдон таны асуудлыг шийдвэрлэхэд тусалн
Экспортын аккредитивын тухай илүү дэлгэрэнгүй мэдээллийг хэрхэн авах вэ ,Та өөрт ойр ХасБанкны салбар дээр ирж илүү дэлгэрэнгүй мэдээллийг аваарай.
танай банкны нэр юу вэ,Манай банкийг Хасбанк гэдэг.
Сайн байна уу сайн уу,Сайн байна уу Хасбанкны виртуал туслах байна танд туслахад бэлэн
Hi hii hiii,Өдрийг сайхан өнгөрүүлж байна уу Танд яаж туслах вэ
Hello helo heelo ,Сайн байна уу Танд яаж туслах вэ
Хасбанкны тухай,"ХасБанк 2001 онд байгууллагдсан цагаасаа Монгол Улсын банк санхүүгийн системд тогтвортой өсөлтийг бий болгож, үйл ажиллагаагаа өргөтгөж ирсэн бөгөөд өдгөө банкны системд нөлөө бүхий 5 банкны нэг болоод байна. ХасБанк нь Эх дэлхий, Эрдэнэт хүмүүн, Эрүүл ашгийг эрхэмлэсэн, санхүүгийн зах зээлд манлайлах үйлчилгээтэй тэргүүлэгч банк байх эрхэм зорилгыг өмнөө тавин Монгол орон даяар үйл ажиллагаа явуулж буй 71 салбар нэгж, бизнес үйлчилгээний төвүүд, тэдгээрт ажиллаж буй 1,152 мэргэшсэн ажилтан, 8,000 гаруй мерчант, 360 гаруй АТМ-аар дамжуулан 1 сая харилцагчдадаа санхүүгийн цогц үйлчилгээг хамгийн сүүлийн үеийн дэвшилтэт технологийг ашиглан, нэр төртэйгээр хурдан шуурхай хүргэж байна.\n Бидний үнэт зүйлс Хүртээмжтэй \n Санаачилгатай \n Нийгмийн хариуцлагатай \n Харилцагч төвтэй \n Эрч хүчтэй \n Мэргэжлийн"
Хасбанкны танилцуулга,"ХасБанк 2001 онд байгууллагдсан цагаасаа Монгол Улсын банк санхүүгийн системд тогтвортой өсөлтийг бий болгож, үйл ажиллагаагаа өргөтгөж ирсэн бөгөөд өдгөө банкны системд нөлөө бүхий 5 банкны нэг болоод байна. ХасБанк нь Эх дэлхий, Эрдэнэт хүмүүн, Эрүүл ашгийг эрхэмлэсэн, санхүүгийн зах зээлд манлайлах үйлчилгээтэй тэргүүлэгч банк байх эрхэм зорилгыг өмнөө тавин Монгол орон даяар үйл ажиллагаа явуулж буй 71 салбар нэгж, бизнес үйлчилгээний төвүүд, тэдгээрт ажиллаж буй 1,152 мэргэшсэн ажилтан, 8,000 гаруй мерчант, 360 гаруй АТМ-аар дамжуулан 1 сая харилцагчдадаа санхүүгийн цогц үйлчилгээг хамгийн сүүлийн үеийн дэвшилтэт технологийг ашиглан, нэр төртэйгээр хурдан шуурхай хүргэж байна.\n Бидний үнэт зүйлс Хүртээмжтэй \n Санаачилгатай \n Нийгмийн хариуцлагатай \n Харилцагч төвтэй \n Эрч хүчтэй \n Мэргэжлийн"
Хэрхэн хасбанкны хэргэлэгч болох вэ,"Харилцагчийн анкет;
Улсын бүртгэлийн гэрчилгээний нотариатаар баталгаажуулсан хуулбар;
Хуулийн этгээдийн дүрмийн хуулбар;
Гарын үсгийн баталгаа нотариатаар баталгаажуулах;
Мөнгөн хөрөнгө захиран зарцуулах эрх бүхий этгээдийн цахим үнэмлэхний хуулбар;
Эцсийн өмчлөгч тодорхойлсон байгууллагын албан тоот.
Дэлгэрэнгүй мэдээлэл авахыг хүсвэл ХасБанкны хамгийн ойрын салбар болон Харилцагчийн үйлчилгээний төвийн 1800-1888 дугаарт холбогдох хандана уу."
